right,budget
education,377041.03338977107
health,215091.27246081602
social security,945494.5491057556
housing,51077.67364469302
nutrition,52110.193354671486
poverty,196142.9433085618
