indicator,impact
education,0.6308931943084105
health,2.0889265472653697
housing,0.41980510480110034
nutrition,6.400371445956754
poverty,2.1495317027710095
social security,-0.5209989250790191
