indicator,impact
education,2.905155931925417
health,10.124866176187432
housing,3.973714320155402
nutrition,17.945849806809843
poverty,8.99948932456101
social security,-0.16162679290595808
