indicator,impact
education,14.866154370519805
health,17.95170488253565
housing,10.075132787966306
nutrition,71.3437625048059
poverty,5.778642890916845
social security,15.636822897689576
