right,percentage
education,103.46033633192545
health,120.98853335196813
social security,99.92977935973676
housing,108.7300949803585
nutrition,112.88331265369357
poverty,181.35124709686144
