right,percentage
education,125.89970055225255
health,255.089296507848
social security,101.64194950457522
housing,139.41887850032865
nutrition,1582.0544335737686
poverty,842.7791168593773
