right,budget
education,458816.9233027721
health,453493.23491171055
social security,961694.4001357346
housing,65494.21277738513
nutrition,730321.962503524
poverty,911519.3812342384
